,lotsize,bedrooms,bathrms,stories,driveway,gardenarea,fullbase,gashw,airco,garagepl,prefarea,price
0,0.28865979381443296,3,1,2,1,0.13009125306031605,1,0,0,1,0,42000.0
1,0.16151202749140894,2,1,1,1,0.6339862007567327,0,0,0,0,0,38500.0
2,0.09690721649484536,3,1,1,1,0.01780547518361896,0,0,0,0,0,49500.0
3,0.3436426116838488,3,1,2,1,0.8726908524371244,0,0,0,0,0,60500.0
4,0.3237113402061856,2,1,1,1,0.9639439127531716,0,0,0,0,0,61000.0
5,0.1725085910652921,3,1,1,1,0.7165590919207656,1,0,1,0,0,66000.0
6,0.15326460481099657,3,2,2,1,0.8684620520810149,1,0,0,2,0,66000.0
7,0.1725085910652921,3,1,3,1,0.34175383930558645,0,0,0,0,0,69000.0
8,0.21649484536082475,3,1,1,1,0.6709325617627421,1,0,0,0,0,83800.0
9,0.2646048109965636,3,2,4,1,0.4622746494547073,0,0,1,1,0,88500.0
10,0.38144329896907214,3,2,1,1,0.292009793011351,1,0,1,3,0,90000.0
11,0.09278350515463918,2,1,1,0,0.9406855107945693,0,0,0,0,0,30500.0
12,0.003436426116838488,3,1,2,1,0.2843311818384153,0,0,0,0,0,27000.0
13,0.08453608247422681,3,1,1,0,0.7332517249054085,0,0,0,0,0,36000.0
14,0.13402061855670103,2,1,1,1,0.5835744491431115,0,0,0,0,0,37000.0
15,0.10549828178694158,2,1,1,1,0.79813042510572,0,0,1,0,0,37900.0
16,0.1134020618556701,3,1,2,0,0.5461829512575117,0,0,0,1,0,40500.0
17,0.24398625429553264,4,1,3,1,0.12508346316492322,0,0,0,0,0,40750.0
18,0.12371134020618557,1,1,1,1,0.7941241931894057,0,0,0,0,0,45000.0
19,0.16054982817869415,2,2,1,0,0.35377253505452927,1,0,0,1,0,45000.0
20,0.2154639175257732,3,1,2,1,0.9340084576007123,1,0,1,1,0,48500.0
21,0.1965635738831615,4,2,2,1,0.5689962163365235,1,0,0,0,0,65900.0
22,0.16151202749140894,3,1,2,1,0.835188070331627,0,0,1,0,0,37900.0
23,0.15697594501718212,2,1,1,1,0.36501224126418874,0,0,0,0,0,38000.0
24,0.2274914089347079,2,1,1,1,0.47807700868016917,0,0,0,0,0,42000.0
25,0.09278350515463918,2,1,2,1,0.7072112174493657,0,0,0,0,0,42300.0
26,0.14776632302405499,2,1,1,1,0.7575116848430893,0,0,0,0,0,43500.0
27,0.2274914089347079,2,1,1,1,0.43167148898286223,1,0,1,0,0,44000.0
28,0.09278350515463918,3,1,1,0,0.6669263298464277,0,0,1,0,0,44500.0
29,0.1958762886597938,3,1,2,1,0.4910972624081905,0,0,1,0,0,44900.0
30,0.12714776632302405,2,1,1,0,0.5407300244825284,1,0,0,0,0,45000.0
31,0.12714776632302405,4,1,2,1,0.932339194302248,0,0,1,2,0,48000.0
32,0.16151202749140894,2,1,1,1,0.9527042065435122,0,0,0,0,0,49000.0
33,0.1958762886597938,2,1,1,1,0.14789672824393502,0,0,0,0,0,51500.0
34,0.3237113402061856,2,1,2,1,0.6611395504117517,0,0,0,0,0,61000.0
35,0.1958762886597938,2,1,1,1,0.6551302025372802,0,0,1,2,0,61000.0
36,0.16371134020618558,2,1,1,1,0.13253950589806365,1,0,0,0,0,61700.0
37,0.24192439862542955,3,1,4,1,0.9771867349209882,0,0,1,0,0,67000.0
38,0.25773195876288657,4,2,2,1,0.2874471399955486,0,0,1,2,0,82000.0
39,0.10309278350515463,2,2,1,0,0.17493879367905632,1,0,0,0,0,54500.0
40,0.14398625429553263,3,1,2,1,0.12452704206543512,1,0,0,0,0,66500.0
41,0.1972508591065292,3,1,2,1,0.35666592477186737,1,0,1,0,0,70000.0
42,0.20549828178694157,4,1,2,1,0.1604718450923659,0,0,0,1,0,82000.0
43,0.4762886597938144,5,3,2,1,0.4520365012241264,0,0,0,2,0,92000.0
44,0.024054982817869417,2,1,2,1,0.6546850656576897,0,0,0,0,0,38000.0
45,0.03505154639175258,3,1,2,0,0.9670598709103049,1,0,0,0,0,44000.0
46,0.09553264604810996,2,1,1,0,0.9259959937680837,0,0,0,0,0,41000.0
47,0.09896907216494845,3,1,2,0,0.4173158246160694,0,0,0,0,0,43000.0
48,0.2274914089347079,4,1,3,0,0.7877809926552415,0,0,0,0,0,48000.0
49,0.11683848797250859,3,1,2,1,0.733363009125306,0,0,0,0,0,54800.0
50,0.2508591065292096,5,2,2,1,0.05797907856665925,0,0,0,0,0,55000.0
51,0.16838487972508592,4,1,1,0,0.3052526151791676,1,0,0,0,0,57000.0
52,0.5165635738831615,2,1,1,1,0.1999777431560205,1,0,1,2,0,68000.0
53,0.16426116838487972,3,1,2,1,0.026485644335633208,1,1,0,1,0,95000.0
54,0.1360824742268041,3,3,2,0,0.27487202314711773,0,0,0,0,0,38000.0
55,0.13539518900343642,2,1,1,1,0.98831515691075,0,0,0,0,0,25000.0
56,0.05154639175257732,3,1,1,0,0.8997329178722457,0,0,0,0,0,25245.0
57,0.38556701030927837,3,2,1,1,0.8831515691075006,1,0,0,3,0,56000.0
58,0.18900343642611683,3,1,2,1,0.20531938571110617,0,0,0,0,0,35500.0
59,0.05154639175257732,3,1,2,1,0.9268862675272647,0,0,0,0,0,30000.0
60,0.1697594501718213,2,1,2,1,0.28321833963943915,0,0,0,0,0,48000.0
61,0.21305841924398625,2,1,1,1,0.2439350100155798,0,0,0,0,0,48000.0
62,0.18075601374570446,2,1,1,1,0.5291564656131761,0,0,1,2,0,52000.0
63,0.21786941580756014,3,1,2,1,0.3876029379034053,0,0,0,0,0,54000.0
64,0.2646048109965636,4,1,2,1,0.0,1,0,0,0,0,56000.0
65,0.2646048109965636,3,1,2,1,0.7875584242154462,0,0,1,0,0,60000.0
66,0.2329896907216495,3,1,2,1,0.9284442466058312,1,0,1,0,0,60000.0
67,0.29896907216494845,2,1,1,1,0.5204762964611618,1,0,1,1,0,67000.0
68,0.058419243986254296,2,1,1,0,0.6174048519919876,0,0,1,0,0,47000.0
69,0.16804123711340208,3,1,2,0,0.5963721344313376,1,0,1,0,0,70000.0
70,0.16804123711340208,2,1,1,1,0.5203650122412642,0,0,0,2,0,45000.0
71,0.10309278350515463,3,1,2,1,0.35377253505452927,1,0,0,0,0,51000.0
72,0.012783505154639175,2,1,1,0,0.4338971733808146,1,0,0,0,0,32500.0
73,0.05670103092783505,3,1,2,1,0.3876029379034053,0,0,0,0,0,34000.0
74,0.10721649484536082,3,1,2,1,0.731916314266637,1,0,0,0,0,35000.0
75,0.10515463917525773,3,1,1,0,0.8945025595370576,0,0,0,0,0,36000.0
76,0.0,3,1,2,0,0.4947696416648119,1,0,0,0,0,45000.0
77,0.10515463917525773,4,1,2,1,0.3697974627197863,1,0,1,0,0,47000.0
78,0.10515463917525773,2,2,1,1,0.4592699755174716,1,0,0,2,0,55000.0
79,0.3237113402061856,2,1,1,1,0.16303138215001112,1,0,1,1,0,63900.0
80,0.17800687285223368,3,1,2,1,0.9493656799465836,0,0,1,0,0,50000.0
81,0.10927835051546392,2,1,1,0,0.22679724015134653,0,0,0,1,0,35000.0
82,0.13745704467353953,3,1,2,1,0.6642555085688849,0,0,0,0,0,50000.0
83,0.10927835051546392,3,1,2,1,0.7161139550411751,0,0,0,2,0,43000.0
84,0.1463917525773196,2,1,2,1,0.8144892054306699,1,0,0,0,0,55500.0
85,0.3319587628865979,3,1,2,0,0.9413532161139551,0,0,1,1,0,57000.0
86,0.28865979381443296,2,1,1,1,0.8104829735143556,1,0,0,2,0,60000.0
87,0.10309278350515463,3,2,1,1,0.5028933897173381,1,0,1,0,0,78000.0
88,0.09278350515463918,2,1,1,1,0.9846427776541287,0,0,0,1,0,35000.0
89,0.09896907216494845,2,1,1,1,0.9004006231916314,1,0,0,0,0,44000.0
90,0.3030927835051546,3,1,1,1,0.5500778989539283,1,0,0,0,0,47000.0
91,0.2920962199312715,4,2,2,0,0.23848208324059647,1,0,0,1,0,58000.0
92,0.3965635738831615,4,1,2,1,0.49955486312040953,1,0,1,2,0,163000.0
93,0.47079037800687284,3,2,4,1,0.7413754729579346,0,0,1,2,0,128000.0
94,0.43986254295532645,3,1,1,1,0.7432673046961941,1,0,1,1,0,123500.0
95,0.3539518900343643,2,1,1,1,0.19675050077898953,0,0,0,0,0,39000.0
96,0.4536082474226804,3,1,1,1,0.33641219675050077,0,0,0,2,0,53900.0
97,0.4536082474226804,3,1,1,1,0.16559091920765637,1,0,0,3,0,59900.0
98,0.12714776632302405,2,1,1,1,0.5627643000222569,0,0,0,0,0,35000.0
99,0.08144329896907217,2,1,1,1,0.5130202537280214,0,0,0,0,0,43000.0
100,0.1958762886597938,3,2,2,0,0.3647896728243935,1,0,1,0,0,57000.0
101,0.1134020618556701,3,3,2,1,0.23469841976407746,1,0,0,0,0,79000.0
102,0.18350515463917524,3,1,2,1,0.31749387936790563,1,1,0,2,0,125000.0
103,0.12714776632302405,4,2,2,1,0.577898953928333,0,1,0,2,0,132000.0
104,0.22969072164948454,3,2,2,1,0.23225016692632985,0,0,0,2,0,58000.0
105,0.2027491408934708,2,1,1,1,0.29123080347206765,0,0,0,0,0,43000.0
106,0.1422680412371134,2,1,1,0,0.12274649454707323,0,0,1,0,0,48000.0
107,0.13951890034364262,3,2,2,1,0.6658134876474516,0,0,0,0,0,58500.0
108,0.09278350515463918,3,2,2,1,0.14322279100823504,1,0,0,0,0,73000.0
109,0.14432989690721648,2,1,1,1,0.5883596705987091,1,0,0,0,0,63500.0
110,0.2354639175257732,3,1,1,0,0.6347651902960161,0,0,0,0,0,43000.0
111,0.1958762886597938,2,1,1,0,0.01435566436679279,0,0,0,0,0,46500.0
112,0.23024054982817868,3,1,2,1,0.8534386823948364,0,0,1,0,0,92000.0
113,0.17938144329896907,4,1,2,1,0.4890941464500334,1,0,1,0,0,75000.0
114,0.33608247422680415,4,2,2,0,0.23236145114622747,0,0,1,0,0,75000.0
115,0.140893470790378,4,1,2,1,0.4501446694858669,0,0,1,0,0,85000.0
116,0.1450171821305842,3,1,2,1,0.8133763632316937,0,1,0,2,0,93000.0
117,0.16151202749140894,3,2,2,1,0.8949476964166481,1,0,1,1,0,94500.0
118,0.18213058419243985,3,2,2,1,0.2114400178054752,1,0,0,1,0,106500.0
119,0.35670103092783506,5,1,2,1,0.8791453371911863,1,0,1,1,0,116000.0
120,0.18900343642611683,2,1,1,1,0.23647896728243936,0,0,0,1,0,61500.0
121,0.6082474226804123,4,2,2,1,0.4208769196527932,0,0,0,1,0,80000.0
122,0.18900343642611683,2,1,1,1,0.5387269085243712,0,0,0,0,0,37000.0
123,0.21924398625429553,3,1,2,1,0.4628310705541954,0,0,0,1,0,59500.0
124,0.1697594501718213,2,1,1,1,0.5575339416870688,1,0,0,1,0,70000.0
125,0.17938144329896907,4,2,2,1,0.1815045626530158,0,1,0,0,0,95000.0
126,0.29621993127147767,3,3,2,1,0.46605831293122635,1,0,0,1,0,117000.0
127,0.49140893470790376,3,2,2,1,0.9931003783663477,0,0,1,2,0,122500.0
128,0.2,3,2,2,1,0.3162697529490318,1,0,1,1,0,123500.0
129,0.2027491408934708,3,2,2,1,0.13743601157355886,0,0,1,2,0,127000.0
130,0.21924398625429553,2,1,2,1,0.7378143779212107,0,0,0,0,0,35000.0
131,0.15120274914089346,3,1,2,1,0.8463164923213888,0,0,0,0,0,44500.0
132,0.22336769759450173,3,1,2,0,0.2851101713776986,0,0,0,0,0,49900.0
133,0.15120274914089346,3,1,1,1,0.5133541063877142,0,0,0,2,0,50500.0
134,0.1450171821305842,3,1,1,1,0.18194969953260628,0,0,0,2,0,65000.0
135,0.29896907216494845,4,2,4,1,0.5852437124415758,0,0,0,1,0,90000.0
136,0.18694158075601375,3,1,2,1,0.3493211662586245,0,0,0,0,0,46000.0
137,0.41580756013745707,2,1,1,1,0.4169819719563766,0,0,0,0,0,35000.0
138,0.09209621993127148,2,1,1,0,0.5958157133318496,0,0,0,1,0,26500.0
139,0.14432989690721648,3,1,2,1,0.7453817048742488,0,0,0,0,0,43000.0
140,0.09278350515463918,3,1,2,1,0.9760738927220121,0,0,0,0,0,56000.0
141,0.06872852233676977,3,1,2,1,0.9484754061874027,1,0,0,1,0,40000.0
142,0.1958762886597938,4,2,2,1,0.47918985087914534,1,0,0,2,0,51000.0
143,0.1958762886597938,2,1,1,0,0.9696194079679501,0,0,0,0,0,51000.0
144,0.1958762886597938,3,1,2,0,0.5179167594035166,1,0,1,0,0,57250.0
145,0.1958762886597938,2,1,2,1,0.06064989984420209,0,1,0,1,0,44000.0
146,0.03608247422680412,3,1,2,0,0.7131092811039395,1,0,1,0,0,61000.0
147,0.1958762886597938,3,2,3,1,0.8026930781215224,0,1,0,1,0,62000.0
148,0.21649484536082475,5,2,3,0,0.8597818829290007,1,1,0,0,0,80000.0
149,0.2027491408934708,4,1,2,1,0.6392165590919208,0,0,0,0,0,50000.0
150,0.12371134020618557,3,1,2,1,0.6799465835744491,0,0,0,1,0,59900.0
151,0.09278350515463918,3,1,2,0,0.6531270865791231,0,0,0,0,0,35500.0
152,0.13402061855670103,2,2,2,1,0.4134208769196528,1,0,0,1,0,37000.0
153,0.13402061855670103,3,1,2,0,0.7523926107277988,0,0,0,1,0,42000.0
154,0.14432989690721648,3,1,1,1,0.830514133095927,0,0,0,0,0,48000.0
155,0.06597938144329897,4,3,2,0,0.09448030269307812,0,0,0,0,0,60000.0
156,0.089553264604811,3,1,2,1,0.35254840863565545,1,0,1,0,0,60000.0
157,0.07539518900343643,4,2,2,0,0.5594257734253283,0,0,0,0,0,60000.0
158,0.01752577319587629,5,1,2,0,0.6818384153127086,1,0,0,0,0,62000.0
159,0.1593127147766323,3,1,2,0,0.49855330514133095,0,0,0,0,0,63000.0
160,0.10391752577319588,3,1,2,1,0.6294235477409303,0,0,1,1,0,63900.0
161,0.29896907216494845,4,1,2,1,0.6846205208101491,1,0,0,2,0,130000.0
162,0.0865979381443299,3,1,1,0,0.16514578232806587,0,0,0,0,0,25000.0
163,0.03333333333333333,3,2,2,0,0.935232584019586,0,0,0,0,0,50000.0
164,0.10103092783505155,3,1,2,0,0.268083685733363,1,1,0,0,0,52900.0
165,0.16666666666666666,3,1,1,1,0.41742710883596706,1,0,0,2,0,62000.0
166,0.12096219931271478,3,1,2,0,0.647006454484754,0,0,1,0,0,73500.0
167,0.07903780068728522,3,1,1,1,0.24827509459158692,0,0,0,0,0,38000.0
168,0.07106529209621994,2,1,1,1,0.03995103494324505,0,0,1,1,0,46000.0
169,0.09965635738831616,3,1,2,0,0.7602937903405297,1,0,0,0,0,48000.0
170,0.1360824742268041,2,1,1,1,0.9916536835076786,1,0,0,0,0,52500.0
171,0.020618556701030927,3,1,1,0,0.8501001557979079,0,1,0,0,0,32000.0
172,0.05360824742268041,3,1,1,0,0.24983307367015356,0,0,0,0,0,38000.0
173,0.18350515463917524,3,1,1,0,0.044847540618740266,0,0,0,1,0,46000.0
174,0.09525773195876289,3,1,2,1,0.9189850879145337,1,0,0,0,0,50000.0
175,0.1360824742268041,3,2,2,1,0.0738927220120187,0,1,0,2,0,57500.0
176,0.25773195876288657,4,1,2,1,0.5913643445359448,0,0,0,0,0,70000.0
177,0.12164948453608247,4,2,2,1,0.7308034720676608,1,0,1,2,0,69900.0
178,0.10515463917525773,3,2,2,1,0.05842421544624972,0,0,0,2,0,74500.0
179,0.13814432989690723,4,1,2,0,0.1581348764745159,0,0,0,0,0,42000.0
180,0.18969072164948453,2,1,1,0,0.2542844424660583,0,0,0,1,0,60000.0
181,0.16082474226804125,3,1,2,1,0.7223458713554418,0,0,0,0,0,50000.0
182,0.18487972508591066,3,1,1,1,0.9446917427108836,0,0,0,0,0,58000.0
183,0.12783505154639174,3,1,2,1,0.7275762296906298,0,0,0,0,0,63900.0
184,0.12164948453608247,5,1,2,0,0.18005786779434677,0,0,0,0,0,28000.0
185,0.12164948453608247,2,1,2,1,0.9785221455597596,0,1,0,1,0,54000.0
186,0.26426116838487973,3,1,1,1,0.9571555753394169,1,0,0,0,0,44700.0
187,0.12577319587628866,4,1,2,0,0.28889383485421766,0,0,0,1,0,47000.0
188,0.3968384879725086,3,1,1,0,0.210327175606499,0,0,0,0,0,50000.0
189,0.12439862542955327,4,1,2,1,0.36434453594480304,0,0,1,0,0,57250.0
190,0.1360824742268041,3,1,2,1,0.03204985533051413,0,0,0,2,0,67000.0
191,0.1360824742268041,2,1,1,1,0.28766970843534384,0,0,1,0,0,52500.0
192,0.12577319587628866,3,1,2,0,0.45326062764300024,0,0,0,1,0,42000.0
193,0.12439862542955327,3,2,1,1,0.04696194079679501,1,0,1,1,0,57500.0
194,0.10515463917525773,2,1,1,1,1.0,0,0,0,0,0,33000.0
195,0.13642611683848796,2,1,1,0,0.29111951925217006,0,0,0,0,0,34400.0
196,0.15876288659793814,3,1,1,1,0.4081905185844647,0,0,0,0,0,40000.0
197,0.18556701030927836,3,1,2,0,0.011796127309147563,0,1,0,1,0,40500.0
198,0.15670103092783505,2,1,1,0,0.8249499221010461,0,0,0,0,0,46500.0
199,0.13195876288659794,3,1,2,1,0.07122190073447585,1,0,0,0,0,52000.0
200,0.13402061855670103,3,1,1,1,0.6475628755842422,0,0,0,1,0,53000.0
201,0.05979381443298969,5,2,1,0,0.5639884264411307,1,0,1,1,0,53900.0
202,0.12577319587628866,3,1,1,0,0.869018473180503,0,0,1,0,0,50000.0
203,0.10515463917525773,4,2,2,1,0.7423770309370131,0,0,0,0,0,55500.0
204,0.11271477663230241,2,1,1,1,0.8783663476519029,0,1,0,1,0,56000.0
205,0.16151202749140894,4,2,2,0,0.9762964611618072,0,0,0,0,0,60000.0
206,0.04639175257731959,3,1,2,0,0.4937680836857334,0,0,0,0,0,60000.0
207,0.18556701030927836,2,1,1,1,0.513687959047407,1,0,0,0,0,69500.0
208,0.12989690721649486,2,1,1,0,0.9728466503449811,1,0,0,0,0,72000.0
209,0.15876288659793814,3,1,1,1,0.03750278210549744,1,0,0,2,0,92500.0
210,0.06804123711340206,2,1,1,0,0.10661028266191853,0,0,0,1,0,40500.0
211,0.07216494845360824,2,1,1,0,0.1670376140663254,0,0,0,0,0,42000.0
212,0.07216494845360824,3,1,1,0,0.5422880035610951,0,0,0,0,0,47900.0
213,0.10515463917525773,3,1,2,0,0.4326730469619408,1,0,0,0,0,52000.0
214,0.12714776632302405,4,1,2,1,0.9415757845537502,0,0,0,2,0,62000.0
215,0.1360824742268041,2,1,1,1,0.21611395504117517,0,0,0,0,0,41000.0
216,0.29896907216494845,4,3,2,1,0.6860672156688181,1,1,0,2,0,138300.0
217,0.10309278350515463,3,1,2,0,0.42799910972624083,0,0,0,0,0,42000.0
218,0.1472164948453608,4,1,2,1,0.7012018695748943,0,0,0,0,0,47000.0
219,0.12783505154639174,3,1,3,1,0.04217671934119742,0,0,0,0,0,64500.0
220,0.10103092783505155,3,1,2,0,0.08134876474515913,0,0,0,0,0,46000.0
221,0.09278350515463918,4,1,3,1,0.6545737814377921,1,0,1,2,0,58000.0
222,0.17525773195876287,3,1,2,1,0.382150011128422,0,0,0,1,0,70100.0
223,0.08020618556701031,4,2,2,0,0.11729356777208992,1,0,0,1,0,78500.0
224,0.10927835051546392,4,1,3,1,0.6241931894057423,0,0,0,1,0,87250.0
225,0.07903780068728522,3,2,2,0,0.6848430892499443,1,0,1,1,0,70800.0
226,0.1488659793814433,2,1,1,1,0.2775428444246606,1,0,1,2,0,56000.0
227,0.10549828178694158,2,1,1,1,0.16080569775205875,1,0,0,2,0,48000.0
228,0.32103092783505155,3,1,2,1,0.4573781437792121,1,0,1,1,0,68000.0
229,0.13745704467353953,3,2,2,1,0.2933452036501224,0,0,0,2,0,79000.0
230,0.20962199312714777,4,1,2,1,0.13743601157355886,1,0,1,1,0,80000.0
231,0.34123711340206186,4,2,2,1,0.9594925439572669,0,1,0,1,0,87000.0
232,0.15120274914089346,3,1,2,1,0.09169819719563765,0,0,0,0,0,25000.0
233,0.15945017182130583,1,1,1,0,0.2664144224348987,0,0,0,0,0,32500.0
234,0.09278350515463918,2,1,2,1,0.7438237257956821,0,0,0,0,0,36000.0
235,0.18570446735395188,4,1,2,0,0.7714222123302915,0,0,0,1,0,42500.0
236,0.1360824742268041,4,1,2,1,0.9851991987536167,0,0,0,3,0,43000.0
237,0.13402061855670103,6,1,2,1,0.36634765190296015,0,0,0,1,0,50000.0
238,0.09278350515463918,2,1,1,1,0.3221678166036056,1,0,0,2,0,26000.0
239,0.09278350515463918,4,1,2,1,0.1076118406409971,0,0,0,0,0,30000.0
240,0.07814432989690721,4,2,2,1,0.278878255063432,0,0,0,0,0,34000.0
241,0.09278350515463918,2,1,2,1,0.4735143556643668,0,0,1,0,0,52000.0
242,0.21443298969072164,3,1,1,1,0.26530158023592254,1,0,0,0,0,70000.0
243,0.13738831615120276,2,1,1,1,0.625417315824616,0,0,0,0,0,27000.0
244,0.15945017182130583,3,1,2,1,0.8331849543734698,1,0,0,0,0,32500.0
245,0.0865979381443299,2,1,1,0,0.26007122190073445,0,0,0,0,0,37200.0
246,0.12577319587628866,2,1,1,1,0.18595593144892053,0,0,0,1,0,38000.0
247,0.34123711340206186,3,1,2,1,0.6959715112397062,0,0,0,0,0,42000.0
248,0.12714776632302405,2,1,1,1,0.34242154462497215,0,0,0,0,0,44500.0
249,0.12371134020618557,3,1,2,1,0.33018028043623415,1,0,0,0,0,45000.0
250,0.12371134020618557,3,1,1,1,0.35444024037391497,1,0,0,2,0,48500.0
251,0.12852233676975944,2,2,1,1,0.18595593144892053,1,0,0,0,0,52000.0
252,0.3628865979381443,4,1,2,0,0.7541731582461607,0,0,0,1,0,53900.0
253,0.2027491408934708,3,2,2,1,0.006677053193857111,0,0,1,1,0,60000.0
254,0.18625429553264605,4,1,2,1,0.8729134208769197,0,0,0,0,0,61000.0
255,0.12371134020618557,3,1,2,1,0.31749387936790563,1,0,0,1,0,64500.0
256,0.18969072164948453,4,3,2,1,0.022034275539728466,1,0,0,2,0,71000.0
257,0.2027491408934708,2,2,1,1,0.3192744268862675,0,0,1,2,0,75500.0
258,0.13676975945017184,2,1,1,1,0.6510126864010684,0,0,0,0,0,33500.0
259,0.29896907216494845,2,1,1,1,0.9885377253505453,0,0,0,0,0,41000.0
260,0.25773195876288657,4,1,2,1,0.8429779657244603,0,0,0,0,0,41000.0
261,0.13676975945017184,4,1,2,1,0.5933674604941019,1,0,0,0,0,46200.0
262,0.13676975945017184,2,1,1,1,0.4343423102604051,0,0,0,0,0,48500.0
263,0.16426116838487972,2,1,1,1,0.19797462719786335,0,0,0,0,0,48900.0
264,0.13676975945017184,2,1,1,1,0.5594257734253283,0,0,0,1,0,50000.0
265,0.13676975945017184,2,1,1,1,0.3949476964166481,0,0,0,0,0,51000.0
266,0.27422680412371137,2,1,1,0,0.152570665479635,0,0,0,0,0,52500.0
267,0.13402061855670103,2,1,1,1,0.2391497885599822,0,0,0,0,0,52500.0
268,0.13402061855670103,2,1,1,1,0.8622301357667482,0,0,0,0,0,54000.0
269,0.20494845360824743,4,1,2,1,0.9011796127309147,0,0,1,0,0,59000.0
270,0.13676975945017184,3,2,2,1,0.4602715334965502,1,0,0,0,0,60000.0
271,0.22336769759450173,2,1,2,1,0.8449810816826174,1,0,0,0,0,63000.0
272,0.1965635738831615,4,1,2,1,0.8743601157355887,0,0,1,2,0,64000.0
273,0.16838487972508592,2,2,1,1,0.09804139772980192,1,0,0,0,0,64900.0
274,0.13676975945017184,3,1,2,1,0.01279768528822613,0,0,1,0,0,65000.0
275,0.27697594501718215,3,1,2,1,0.7053193857111062,0,0,1,1,0,66000.0
276,0.31958762886597936,3,1,1,1,0.26530158023592254,0,0,1,2,0,70000.0
277,0.16151202749140894,3,1,2,1,0.9213220565323837,0,0,0,1,0,65500.0
278,0.15876288659793814,3,1,2,1,0.49755174716225237,0,0,0,0,0,57000.0
279,0.29621993127147767,3,1,2,1,0.8684620520810149,1,0,0,0,0,52000.0
280,0.2872852233676976,2,1,1,1,0.5109058535499666,0,0,0,2,0,54000.0
281,0.1958762886597938,4,2,1,0,0.11784998887157801,1,0,1,2,0,74500.0
282,0.16838487972508592,3,2,3,1,0.21188515468506566,0,0,1,2,0,90000.0
283,0.35051546391752575,2,1,1,1,0.3359670598709103,0,0,0,0,0,45000.0
284,0.5051546391752577,3,1,2,1,0.5258179390162475,0,0,0,2,0,45000.0
285,0.061855670103092786,3,1,2,1,0.17571778321833964,1,0,0,0,0,65000.0
286,0.3781443298969072,3,1,2,1,0.8625639884264411,0,0,1,0,0,55000.0
287,0.32989690721649484,4,1,2,1,0.12641887380369463,0,0,0,0,0,62000.0
288,0.11752577319587629,2,1,1,1,0.38014689517026484,0,0,0,1,0,30000.0
289,0.1109278350515464,2,1,1,1,0.2032049855330514,0,0,0,0,0,34000.0
290,0.16151202749140894,3,1,1,1,0.1851769419096372,0,0,0,0,0,38000.0
291,0.16151202749140894,3,1,2,1,0.35666592477186737,0,0,0,1,0,39000.0
292,0.09752577319587628,2,1,1,1,0.33618962831070553,0,0,0,1,0,45000.0
293,0.16426116838487972,2,1,1,1,0.8401958602270199,0,0,0,0,0,47000.0
294,0.16426116838487972,2,1,1,1,0.49432450478522144,0,0,0,1,0,47500.0
295,0.10549828178694158,2,1,1,1,0.7383707990206989,0,0,0,2,0,49000.0
296,0.2920962199312715,2,1,1,1,0.21667037614066326,0,0,0,1,0,50000.0
297,0.10103092783505155,3,1,2,1,0.415980413977298,0,0,0,1,0,50000.0
298,0.2611683848797251,2,1,1,1,0.1947473848208324,0,0,0,0,0,52900.0
299,0.16426116838487972,2,1,1,1,0.6277542844424661,0,0,0,0,0,53000.0
300,0.1670103092783505,2,1,1,1,0.698085911417761,0,0,0,0,0,55000.0
301,0.44192439862542954,3,1,1,1,0.6683730247050969,0,0,1,2,0,56000.0
302,0.16426116838487972,2,1,2,1,0.6319830847985756,0,0,0,1,0,58500.0
303,0.1670103092783505,3,1,2,1,0.45092365902515025,0,0,0,2,0,59500.0
304,0.2852233676975945,3,1,1,1,0.4692855553082573,0,1,0,2,0,60000.0
305,0.29106529209621995,2,1,1,1,0.09425773425328289,0,0,1,1,0,64000.0
306,0.5509965635738832,4,2,2,1,0.5711106165145783,1,0,0,1,0,67000.0
307,0.12164948453608247,4,2,2,1,0.24137547295793457,0,0,0,0,0,68100.0
308,0.2852233676975945,2,1,1,1,0.7054306699310038,1,0,1,0,0,70000.0
309,0.40893470790378006,4,1,2,1,0.8496550189183174,0,0,1,2,0,72000.0
310,0.25773195876288657,3,1,1,1,0.5435121299799689,0,0,0,3,0,57500.0
311,0.22989690721649483,4,2,1,1,0.9620520810149121,1,0,0,0,0,69900.0
312,0.09278350515463918,3,1,2,1,0.2568439795237035,1,0,1,0,0,70000.0
313,0.2646048109965636,3,2,1,1,0.6731582461606944,1,0,0,0,0,75000.0
314,0.32989690721649484,3,2,1,1,0.6221900734475851,1,1,0,0,0,76900.0
315,0.3134020618556701,4,1,4,1,0.33095926997551744,0,0,1,0,0,78000.0
316,0.23024054982817868,3,1,4,1,0.8053638993990652,0,0,0,0,0,80000.0
317,0.23024054982817868,3,1,3,1,0.8950589806365458,0,0,1,0,0,82000.0
318,0.2871477663230241,4,1,4,1,0.08669040730024483,0,0,0,0,0,83000.0
319,0.24398625429553264,3,1,3,1,0.6579123080347207,0,0,1,0,0,83000.0
320,0.2646048109965636,3,1,3,1,0.6515691075005564,0,0,1,1,0,83900.0
321,0.3230240549828179,3,2,3,1,0.23903850434008458,0,0,1,0,0,88500.0
322,0.4536082474226804,3,2,3,1,0.8357444914311151,0,0,1,0,0,93000.0
323,0.29896907216494845,3,1,1,1,0.2463832628533274,0,0,1,1,0,98000.0
324,0.41580756013745707,3,2,1,1,0.8933897173380815,0,0,0,2,0,98500.0
325,0.49690721649484537,3,2,2,1,0.4561540173603383,1,0,1,1,0,99000.0
326,0.49690721649484537,2,1,1,1,0.14077453817048743,0,0,1,1,0,101000.0
327,0.3319587628865979,3,2,4,1,0.2627420431782773,0,0,1,2,0,110000.0
328,0.36769759450171824,3,2,4,1,0.6016024927665257,0,0,1,2,0,115442.0
329,0.4965635738831615,3,1,1,1,0.44146450033385265,0,0,0,1,0,120000.0
330,0.3783505154639175,3,2,1,1,0.8081460048965057,1,0,1,2,0,124000.0
331,0.5024054982817869,4,4,4,1,0.26396616959715113,0,0,1,3,0,175000.0
332,0.3917525773195876,2,1,1,1,0.5747829957711996,0,0,0,1,0,50000.0
333,0.15120274914089346,2,1,1,1,0.790563098152682,0,0,0,0,0,55000.0
334,0.36769759450171824,3,1,1,1,0.3209436901847318,0,0,0,3,0,60000.0
335,0.42061855670103093,2,1,1,1,0.7994658357444915,0,0,0,1,0,61000.0
336,0.3979381443298969,3,2,1,1,0.4271088359670599,1,0,1,0,1,106000.0
337,0.4020618556701031,3,3,1,1,0.8457600712219008,1,0,1,2,1,155000.0
338,0.44329896907216493,4,1,2,1,0.7069886490095705,1,0,1,2,1,141000.0
339,0.15463917525773196,3,1,2,1,0.7034275539728466,0,0,0,0,0,62500.0
340,0.09072164948453608,3,1,3,1,0.8421989761851769,0,0,0,0,0,70000.0
341,0.09278350515463918,3,1,2,1,0.5565323837079902,1,0,0,0,0,73000.0
342,0.6082474226804123,2,1,1,1,0.386823948364122,0,0,0,1,0,80000.0
343,0.2646048109965636,3,2,2,1,0.0060093478744714,0,0,0,1,0,80000.0
344,0.1958762886597938,3,1,4,1,0.06064989984420209,0,0,1,0,0,88000.0
345,0.15120274914089346,3,1,1,1,0.6177387046516803,0,0,0,0,0,49000.0
346,0.170446735395189,3,2,2,1,0.20120186957489428,0,0,0,2,0,52000.0
347,0.16467353951890035,3,1,2,1,0.12219007344758513,1,0,0,1,0,59500.0
348,0.16694158075601376,3,1,3,1,0.4094146450033385,0,0,0,0,0,60000.0
349,0.16151202749140894,3,1,2,1,0.960605386156243,0,0,0,2,0,64000.0
350,0.5642611683848797,3,1,1,1,0.8033607834409081,0,0,0,0,0,64500.0
351,0.36769759450171824,3,1,2,1,0.6622523926107278,1,0,0,0,0,68500.0
352,0.4350515463917526,3,1,1,1,0.9503672379256621,0,0,0,2,0,78500.0
353,0.3539518900343643,2,1,1,1,0.3738036946361006,1,0,0,2,0,86000.0
354,0.18213058419243985,6,2,2,1,0.23347429334520364,0,0,0,0,0,86900.0
355,0.5923711340206186,3,1,1,1,0.06743823725795682,0,0,0,1,1,75000.0
356,0.30584192439862545,3,1,3,1,0.7224571555753394,0,0,1,0,1,78000.0
357,0.32783505154639175,3,2,3,1,0.15357222345871355,0,0,1,0,1,95000.0
358,0.7175257731958763,4,2,2,1,0.7628533273981749,0,0,0,2,1,97000.0
359,0.3402061855670103,3,1,4,1,0.4849766303138215,0,0,1,3,1,107000.0
360,0.3402061855670103,4,2,2,1,0.8537725350545292,1,0,1,1,1,130000.0
361,0.4762886597938144,4,3,4,1,0.16447807700868017,0,0,1,2,1,145000.0
362,0.5711340206185567,3,2,2,1,0.7997996884041843,1,0,0,2,1,175000.0
363,0.6219931271477663,3,1,2,1,0.731026040507456,1,0,0,0,0,72000.0
364,0.9587628865979382,3,1,1,1,0.5064544847540619,0,0,1,2,0,84900.0
365,0.7938144329896907,2,1,1,1,0.872802136657022,1,1,0,1,0,99000.0
366,0.5051546391752577,4,2,4,1,0.2674159804139773,0,0,1,2,0,114000.0
367,0.4329896907216495,5,2,2,1,0.781215223681282,1,1,0,2,0,120000.0
368,1.0,5,3,2,1,0.34987758735811264,0,0,0,0,0,145000.0
369,0.30584192439862545,3,2,1,1,0.778878255063432,1,0,0,2,1,79000.0
370,0.3237113402061856,3,1,1,1,0.9983307367015357,1,0,1,2,1,82000.0
371,0.32783505154639175,3,1,1,1,0.03928332962385934,1,0,1,0,1,85000.0
372,0.3237113402061856,4,2,3,1,0.8855998219452481,0,0,1,2,1,100500.0
373,0.33608247422680415,4,2,2,1,0.4117516136211885,1,0,1,2,1,122000.0
374,0.32783505154639175,3,2,2,1,0.0014466948586690407,0,0,1,1,1,126500.0
375,0.33676975945017185,4,2,2,1,0.3012463832628533,0,0,1,1,1,133000.0
376,0.281786941580756,3,2,4,1,0.61028266191854,0,0,1,1,1,140000.0
377,0.3965635738831615,4,2,3,1,0.5201424438014689,0,0,1,2,1,190000.0
378,0.37869415807560136,3,1,1,1,0.027598486534609393,1,0,0,2,1,84000.0
379,0.16151202749140894,3,2,2,1,0.40051190741152903,1,0,1,0,1,97000.0
380,0.5051546391752577,4,2,4,1,0.8475406187402627,0,0,1,1,1,103500.0
381,0.33676975945017185,3,1,2,1,0.5870242599599377,1,0,1,0,1,112500.0
382,0.7938144329896907,3,1,2,1,0.376029379034053,1,0,1,2,1,140000.0
383,0.37353951890034365,3,1,1,1,0.3041397729801914,1,0,0,2,1,74700.0
384,0.3402061855670103,4,2,2,1,0.6594702871132874,1,0,0,0,1,78000.0
385,0.36082474226804123,3,1,1,1,0.8006899621633652,1,0,0,0,1,78900.0
386,0.6742268041237114,3,1,3,1,0.1868462052081015,0,0,0,2,1,83900.0
387,0.36907216494845363,3,1,1,1,0.15245938125973738,1,0,1,2,1,85000.0
388,0.33608247422680415,3,1,1,1,0.09770754507010906,1,0,0,2,1,85000.0
389,0.436426116838488,3,1,1,1,0.6042733140440686,1,0,1,2,1,86000.0
390,0.547766323024055,3,1,1,1,0.8193857111061651,1,0,0,2,1,86900.0
391,0.6082474226804123,3,2,1,1,0.36701535722234585,1,0,1,1,1,94500.0
392,0.2316151202749141,3,1,4,1,0.9903182728689072,0,0,1,0,1,96000.0
393,0.3979381443298969,3,2,4,1,0.9452481638103717,0,0,0,1,1,106000.0
394,0.3402061855670103,3,1,1,1,0.2096594702871133,1,0,0,0,1,72000.0
395,0.38144329896907214,3,1,2,1,0.19853104829735144,1,0,0,1,1,74500.0
396,0.34776632302405497,3,2,2,1,0.016692632984642776,1,0,0,1,1,77000.0
397,0.3443298969072165,4,2,2,1,0.4934342310260405,1,0,0,1,1,80750.0
398,0.36769759450171824,3,1,1,1,0.6843979523703538,1,0,0,2,1,82900.0
399,0.38357388316151203,3,1,2,1,0.5287113287335856,1,0,1,0,1,85000.0
400,0.3958762886597938,3,1,1,1,0.8430892499443579,1,0,1,2,1,92500.0
401,0.422680412371134,3,1,1,1,0.27965724460271535,1,0,1,2,1,76000.0
402,0.3556701030927835,3,1,1,1,0.10015579790785667,1,0,1,0,1,77500.0
403,0.3237113402061856,3,1,3,1,0.1989761851769419,0,0,0,0,1,80000.0
404,0.3402061855670103,4,2,1,1,0.2553972846650345,1,0,0,0,1,80000.0
405,0.36082474226804123,3,2,1,1,0.5064544847540619,1,0,0,0,1,86000.0
406,0.3402061855670103,3,1,1,1,0.8309592699755175,1,0,0,2,1,87000.0
407,0.32783505154639175,3,1,3,1,0.7592922323614512,1,0,0,0,1,87500.0
408,0.3402061855670103,3,2,1,1,0.24794124193189407,1,0,1,0,1,89000.0
409,0.3402061855670103,3,2,3,1,0.927665257066548,0,0,1,0,1,89900.0
410,0.5051546391752577,3,1,1,1,0.4599376808368573,1,0,0,1,1,90000.0
411,0.3333333333333333,3,2,3,1,0.9555975962608502,0,0,1,0,1,95000.0
412,0.3237113402061856,3,2,4,1,0.9476964166481193,0,0,1,0,1,112000.0
413,0.2508591065292096,3,1,1,0,0.45582016470064546,0,0,1,0,1,31900.0
414,0.08247422680412371,3,2,2,0,0.8463164923213888,1,0,0,0,1,52000.0
415,0.32646048109965636,3,1,1,1,0.04729579345648787,1,0,1,1,1,90000.0
416,0.654639175257732,3,1,1,1,0.5970398397507234,1,0,1,1,1,100000.0
417,0.35051546391752575,2,1,1,1,0.8519919875361673,1,0,0,2,1,91700.0
418,0.4020618556701031,4,2,2,1,0.6673714667260182,1,0,1,3,1,174500.0
419,0.29896907216494845,3,1,2,1,0.91075005564211,0,1,0,1,1,94700.0
420,0.5903780068728522,2,1,1,1,0.9090807923436457,0,0,1,2,1,68000.0
421,0.23958762886597937,3,1,2,1,0.1436679278878255,1,0,1,0,1,80000.0
422,0.12027491408934708,3,1,2,1,0.998553305141331,1,0,0,2,1,61100.0
423,0.08453608247422681,3,1,2,1,0.26040507456042733,0,0,0,0,1,62900.0
424,0.15051546391752577,3,1,2,1,0.7280213665702203,0,0,0,1,1,65500.0
425,0.0838487972508591,2,1,2,1,0.1353216113955041,1,0,0,0,1,66000.0
426,0.252233676975945,2,1,1,1,0.9119741820609838,0,0,0,1,1,49500.0
427,0.1279725085910653,2,1,1,1,0.13843756955263745,0,0,0,1,1,50000.0
428,0.12577319587628866,2,1,1,1,0.7708657912308035,0,0,0,0,1,53500.0
429,0.13402061855670103,3,1,1,1,0.17271310928110395,1,0,1,0,1,58550.0
430,0.12852233676975944,2,1,2,1,0.9875361673714668,0,0,0,0,1,64500.0
431,0.252233676975945,3,1,2,1,0.19708435343868239,1,0,0,0,1,65000.0
432,0.3017182130584192,3,1,1,1,0.8693523258401958,0,0,0,2,1,69000.0
433,0.6707903780068728,2,1,2,1,0.21711551302025373,0,0,0,0,1,73000.0
434,0.4639175257731959,3,1,2,1,0.9574894279991097,1,0,1,2,1,75000.0
435,0.2508591065292096,4,2,1,1,0.28956154017360336,0,0,1,0,1,75000.0
436,0.422680412371134,3,2,2,1,0.8937235699977744,0,0,0,0,1,132000.0
437,0.12852233676975944,3,1,2,1,0.2933452036501224,0,0,0,0,1,60000.0
438,0.2549828178694158,3,1,2,1,0.7545070109058536,0,0,0,2,1,65000.0
439,0.358213058419244,3,1,2,1,0.9798575561985311,0,0,1,2,1,69000.0
440,0.12852233676975944,3,1,1,1,0.8506565768973959,0,0,0,2,1,51900.0
441,0.16494845360824742,2,1,2,1,0.1405519697306922,1,0,0,0,1,57000.0
442,0.12852233676975944,3,1,1,1,0.30692187847763186,0,0,0,0,1,65000.0
443,0.18900343642611683,4,1,2,1,0.23202759848653462,0,0,1,2,1,79500.0
444,0.2797250859106529,2,1,2,1,0.2072112174493657,0,0,1,0,1,72500.0
445,0.672852233676976,4,1,2,1,0.13331849543734697,1,0,0,1,1,104900.0
446,0.4008247422680412,3,2,3,1,0.33218339639439126,0,1,0,1,1,114900.0
447,0.2646048109965636,4,2,2,1,0.747941241931894,1,0,1,1,1,120000.0
448,0.18350515463917524,3,1,2,1,0.34275539728466503,0,0,0,2,1,58000.0
449,0.25773195876288657,2,1,2,1,0.49732917872245713,0,0,0,0,1,67000.0
450,0.18350515463917524,3,1,1,1,0.051079456933006896,0,0,0,0,1,67000.0
451,0.2175257731958763,2,1,1,1,0.3869352325840196,0,0,1,0,1,69000.0
452,0.30584192439862545,3,1,1,1,0.2409303360783441,1,0,1,0,1,73000.0
453,0.4350515463917526,3,1,1,1,0.251168484308925,0,0,0,1,1,73500.0
454,0.3024054982817869,3,1,1,1,0.09236590251502337,1,0,0,0,1,74900.0
455,0.14776632302405499,3,1,2,1,0.11273091475628756,1,0,0,1,1,75000.0
456,0.25773195876288657,5,1,2,1,0.6967505007789896,1,0,1,0,1,79500.0
457,0.29896907216494845,3,2,4,1,0.6875139105274872,1,0,1,0,1,120900.0
458,0.05140893470790378,3,1,1,1,0.47195637658580014,0,0,0,0,1,44555.0
459,0.03402061855670103,3,1,2,1,0.9563765858001335,1,0,0,0,1,47000.0
460,0.03402061855670103,3,1,2,1,0.19040730024482527,1,0,0,0,1,47600.0
461,0.03402061855670103,3,1,3,1,0.660137992432673,0,0,0,0,1,49000.0
462,0.06597938144329897,3,1,2,1,0.7541731582461607,1,0,0,0,1,49000.0
463,0.020618556701030927,3,2,2,1,0.8478744713999555,1,0,0,0,1,49000.0
464,0.03402061855670103,3,1,3,1,0.22468283997329178,0,0,0,0,1,49500.0
465,0.0429553264604811,3,1,3,1,0.3385265969285555,0,1,1,0,1,52000.0
466,0.08288659793814433,3,1,3,1,0.5359448030269308,0,0,0,0,1,54000.0
467,0.025085910652920963,3,1,2,1,0.08791453371911863,1,0,0,0,1,55000.0
468,0.036151202749140895,2,1,2,1,0.7118851546850656,0,0,0,0,1,55000.0
469,0.03402061855670103,4,2,1,1,0.2343645671043846,1,0,0,0,1,56000.0
470,0.03402061855670103,3,1,3,1,0.902292454929891,0,0,0,1,1,60000.0
471,0.07814432989690721,3,1,1,1,0.89672824393501,1,0,0,0,1,60500.0
472,0.5395189003436426,3,1,2,1,0.7114400178054752,0,0,0,3,1,50000.0
473,0.22955326460481099,4,2,2,1,0.10560872468283998,1,0,0,0,1,64900.0
474,0.3450171821305842,3,1,3,1,0.42699755174716225,1,0,0,0,1,93000.0
475,0.316426116838488,4,2,1,1,0.5514133095926997,1,0,0,1,1,85000.0
476,0.5986254295532646,2,1,1,1,0.7935677720899177,0,0,0,1,1,61500.0
477,0.2646048109965636,3,2,1,1,0.14110839083018029,1,0,0,2,1,88500.0
478,0.2611683848797251,4,2,1,1,0.8645671043845983,1,0,1,0,1,88000.0
479,0.2646048109965636,3,1,3,1,0.32650790117961276,0,0,0,1,1,89000.0
480,0.29896907216494845,4,1,3,1,0.7157801023814823,1,0,0,0,1,89500.0
481,0.27835051546391754,3,1,1,1,0.09459158691297574,1,0,1,2,1,95000.0
482,0.3402061855670103,2,2,4,1,0.642332517249054,1,0,0,0,1,95500.0
483,0.16151202749140894,2,1,1,1,0.5935900289338971,0,0,0,0,1,51500.0
484,0.2219931271477663,3,1,1,1,0.6164032940129089,0,0,0,2,1,62900.0
485,0.2219931271477663,4,2,2,1,0.8963943912753172,0,0,1,1,1,118500.0
486,0.43986254295532645,2,1,1,1,0.0462942354774093,0,0,0,0,0,42900.0
487,0.44329896907216493,2,1,1,1,0.03627865568662364,0,0,0,1,0,44100.0
488,0.2907216494845361,3,1,1,1,0.32494992210104606,0,0,0,1,0,47000.0
489,0.2907216494845361,2,1,1,1,0.7975740040062319,0,0,0,0,0,50000.0
490,0.7762199312714777,3,1,1,1,0.7022034275539728,0,0,0,0,0,50000.0
491,0.30034364261168384,3,1,1,1,0.4715112397062097,0,0,0,0,0,53000.0
492,0.16494845360824742,2,1,1,1,0.7937903405297129,0,0,0,0,0,53000.0
493,0.4639175257731959,2,1,1,1,0.8397507233474293,0,0,0,1,0,54000.0
494,0.27147766323024053,2,1,1,1,0.6621411083908302,0,0,1,0,0,58500.0
495,0.2979381443298969,3,1,1,1,0.8684620520810149,1,0,0,0,0,59000.0
496,0.1958762886597938,3,1,1,1,0.0835744491431115,1,0,0,0,0,60000.0
497,0.22474226804123712,3,1,2,1,0.4223236145114623,0,0,0,1,0,62900.0
498,0.4536082474226804,3,1,1,1,0.7895615401736034,0,0,0,0,0,64000.0
499,0.4639175257731959,4,1,4,1,0.11061651457823281,0,0,0,3,0,65000.0
500,0.32920962199312714,2,1,1,1,0.6658134876474516,0,0,1,3,0,67900.0
501,0.44329896907216493,4,1,4,1,0.024927665257066547,1,0,1,2,0,68500.0
502,0.34845360824742266,3,1,1,1,0.4803026930781215,0,0,0,0,0,70000.0
503,0.2953951890034364,3,1,2,1,0.7674159804139773,0,0,1,0,0,70500.0
504,0.44673539518900346,3,2,1,1,0.3022479412419319,1,0,0,0,0,71500.0
505,0.21649484536082475,2,1,1,1,0.6830625417315824,1,0,0,0,0,71900.0
506,0.5601374570446735,4,2,2,1,0.005341642555085689,0,0,0,2,0,75000.0
507,0.47216494845360824,3,1,1,1,0.8443133763632317,0,0,1,2,0,75000.0
508,0.4619931271477663,3,1,3,1,0.8909414645003338,0,0,1,2,0,87000.0
509,0.16426116838487972,3,1,2,1,0.05642109948809259,0,0,0,1,0,64000.0
510,0.2059106529209622,3,1,2,1,0.2746494547073225,1,0,0,2,0,70000.0
511,0.21477663230240548,4,1,2,1,0.07233474293345203,0,0,0,0,0,47500.0
512,0.2268041237113402,4,1,2,1,0.36501224126418874,0,0,1,0,0,62600.0
513,0.2309278350515464,3,1,2,1,0.060093478744714,1,0,0,0,0,66000.0
514,0.3030927835051546,2,1,1,1,0.6307589583797018,1,0,0,1,0,58900.0
515,0.1329209621993127,2,1,1,1,0.2266859559314489,0,1,0,0,0,53000.0
516,0.29896907216494845,3,2,3,1,0.8219452481638104,0,0,1,0,0,95000.0
517,0.29896907216494845,4,2,4,1,0.4110839083018028,0,0,1,0,0,96500.0
518,0.3154639175257732,4,2,2,1,0.9026263075895838,0,0,1,1,0,101000.0
519,0.29896907216494845,3,2,2,1,0.506120632094369,0,0,0,1,0,102000.0
520,0.4144329896907217,4,2,4,1,0.8803694636100601,0,0,1,1,0,103000.0
521,0.29896907216494845,4,2,4,1,0.3245047852214556,0,0,1,1,0,105000.0
522,0.29896907216494845,4,2,4,1,0.9296683730247051,0,0,1,1,0,108000.0
523,0.29896907216494845,4,2,4,1,0.25506343200534165,0,0,0,2,0,110000.0
524,0.29896907216494845,4,2,4,1,0.9468061428889384,0,0,1,1,0,113000.0
525,0.40034364261168387,3,2,4,1,0.06921878477631872,0,0,1,2,0,120000.0
526,0.24054982817869416,3,2,4,1,0.4963276207433786,0,0,1,2,0,105000.0
527,0.32130584192439865,3,1,4,1,0.9563765858001335,0,0,1,1,0,106000.0
528,0.29896907216494845,3,2,4,1,0.321166258624527,0,0,1,1,0,107500.0
529,0.29896907216494845,3,2,3,1,0.2516136211885155,0,0,1,0,0,108000.0
530,0.29896907216494845,3,1,4,1,0.6781660360560873,0,0,1,2,0,113750.0
531,0.36769759450171824,3,1,4,1,0.6723792566214111,0,0,1,2,0,120000.0
532,0.7731958762886598,3,1,1,1,0.03917204540396172,0,0,0,2,0,70000.0
533,0.41484536082474227,3,1,1,1,0.19207656354328956,1,1,0,0,0,71000.0
534,0.23024054982817868,3,1,3,1,0.3587803249499221,0,0,1,0,0,82000.0
535,0.2852233676975945,3,2,4,1,0.043289561540173604,0,0,1,0,0,82000.0
536,0.29896907216494845,3,2,4,1,0.1754952147785444,0,0,1,0,0,82500.0
537,0.21649484536082475,3,1,3,1,0.8641219675050078,0,0,1,0,0,83000.0
538,0.3333333333333333,3,2,3,1,0.655464055196973,0,0,1,0,0,84000.0
539,0.38969072164948454,4,2,2,1,0.1076118406409971,0,0,0,0,0,85000.0
540,0.33505154639175255,3,2,4,1,0.23814823058090362,0,0,0,1,0,85000.0
541,0.21649484536082475,3,2,4,1,0.7772089917649677,0,0,1,0,0,91500.0
542,0.29896907216494845,3,2,4,1,0.27932339194302247,0,0,1,0,0,94000.0
543,0.29896907216494845,3,2,4,1,0.24070776763854884,0,0,1,1,0,103000.0
544,0.29896907216494845,3,2,2,1,0.19697306921878477,0,0,1,1,0,105000.0
545,0.29896907216494845,3,1,2,1,0.11250834631649233,0,0,1,1,0,105000.0
